Dataset-Experiment,MeanAcc,StdAcc,MeanGM,StdGM,MeanMS,StdMS,MeanMAE,StdMAE,MeanAMAE,StdAMAE,MeanMMAE,StdMMAE,MeanRSpearman,StdRSpearman,MeanTkendall,StdTkendall,MeanWkappa,StdWkappa,MeanTrainTime,StdTrainTime,MeanTestTime,StdTestTime,MeanCrossvalTime,StdCrossvalTime,
pasture-pom-tutorial,48.888889,15.329501,30.262467,27.773747,20.000000,18.774728,0.600000,0.230866,0.600000,0.230866,0.900000,0.362516,0.458240,0.338645,0.406941,0.328257,0.342064,0.251232,0.070958,0.004822,0.000040,0.000012,0.000000,0.000000,
tae-pom-tutorial,50.526316,7.456051,48.389156,7.814425,36.153846,9.923019,0.615789,0.100766,0.616952,0.101876,0.851496,0.184333,0.346024,0.135319,0.314700,0.123665,0.297095,0.112518,0.324884,0.087447,0.000047,0.000011,0.000000,0.000000,
toy-pom-tutorial,28.933333,2.552739,0.000000,0.000000,0.000000,0.000000,0.980889,0.038941,1.213242,0.059357,2.090146,0.228672,-0.009691,0.128027,-0.030314,0.110367,0.023009,0.047839,0.038949,0.002738,0.000047,0.000002,0.000000,0.000000,
