Dataset-Experiment,MeanAcc,StdAcc,MeanGM,StdGM,MeanMS,StdMS,MeanMAE,StdMAE,MeanAMAE,StdAMAE,MeanMMAE,StdMMAE,MeanRSpearman,StdRSpearman,MeanTkendall,StdTkendall,MeanWkappa,StdWkappa,MeanTrainTime,StdTrainTime,MeanTestTime,StdTestTime,MeanCrossvalTime,StdCrossvalTime,MeanC,StdC,Meank,Stdk,
pasture-svc1v1-mae-tutorial,68.518519,12.746783,60.049137,23.429859,43.333333,21.708624,0.314815,0.127468,0.314815,0.127468,0.566667,0.217086,0.785231,0.103612,0.732858,0.119211,0.642354,0.148437,0.014363,0.003297,0.013660,0.003194,6.701695,0.619587,123.700000,299.024293,0.018400,0.037216,
tae-svc1v1-mae-tutorial,57.807018,7.329536,55.564429,7.938183,42.670940,10.157407,0.534211,0.108865,0.533832,0.110083,0.803205,0.194994,0.439100,0.136454,0.403482,0.130376,0.391773,0.116050,0.017699,0.004122,0.014086,0.003134,7.545272,0.817931,537.700000,471.119807,0.393100,0.471062,
toy-svc1v1-mae-tutorial,94.844444,2.341911,95.367993,2.460223,86.727865,7.190723,0.051556,0.023419,0.044367,0.022971,0.132721,0.071907,0.981799,0.008499,0.969381,0.015298,0.960714,0.017947,0.015869,0.003786,0.012912,0.002957,7.349988,0.858156,688.000000,449.523886,0.490000,0.453606,
