Dataset-Experiment,MeanAcc,StdAcc,MeanGM,StdGM,MeanMS,StdMS,MeanMAE,StdMAE,MeanAMAE,StdAMAE,MeanMMAE,StdMMAE,MeanRSpearman,StdRSpearman,MeanTkendall,StdTkendall,MeanWkappa,StdWkappa,MeanTrainTime,StdTrainTime,MeanTestTime,StdTestTime,MeanCrossvalTime,StdCrossvalTime,MeanC,StdC,Meank,Stdk,
pasture-svorim-mae-real,67.777778,10.661397,55.576797,27.215266,42.222222,26.163842,0.322222,0.106614,0.322222,0.106614,0.577778,0.261638,0.787310,0.084538,0.732341,0.103279,0.640856,0.118332,0.013843,0.002601,0.000140,0.000027,3.373687,0.440043,95.500000,248.997819,0.004600,0.004484,
tae-svorim-mae-real,56.578947,6.054407,51.925335,7.855146,34.316239,9.206197,0.475439,0.069086,0.473291,0.068956,0.752350,0.116308,0.501714,0.105250,0.470100,0.099750,0.400256,0.088438,0.042999,0.023227,0.000690,0.000116,5.631115,0.559208,295.000000,433.937466,280.654000,442.450427,
toy-svorim-mae-real,98.222222,1.278569,97.955970,1.647237,92.183261,5.611375,0.017778,0.012786,0.019631,0.015726,0.078167,0.056114,0.993680,0.004513,0.989629,0.007855,0.986360,0.009826,0.071385,0.025767,0.000992,0.000294,7.427039,0.844643,970.000000,164.316767,0.100000,0.000000,
